{
    "learning_rate": 6.018387144705868e-05,
    "batch_size": 256,
    "n_steps": 512,
    "gamma": 0.9803296628766868,
    "ent_coef": 0.0001779684777982,
    "net_arch": [
        256,
        256
    ]
}