{
    "learning_rate": 4.5813221834951135e-05,
    "n_steps": 10,
    "gamma": 0.967978138941807,
    "gae_lambda": 0.9565773647092091,
    "ent_coef": 0.0004896874233102866,
    "vf_coef": 0.2114654262809256,
    "net_arch": [
        256,
        256
    ]
}